Reviews,Label
All was great,R
Placed order and very quick delivery,R
Was great thank you,R
Great support and help through the entire process.,R
Great and very quick help with refund!!!,R
Always love my seasonings! Fast delivery and great taste!,R
Size came back great,R
Easy to find the part I needed which was delivered quickly.,R
Chat Agent-was very helpful!,R
Great Company and Great service,R
Fast delivery & what I needed,R
Hi... after my review Specsavers solved my issue.,R
Fantastic service with a personal touch which was nice. Thank you!,R
SMM Panel is a Social Media Marketing website. I was delighted with this and the excellent service it provides.  thank you very much for this.,R
I have been using Spreaker for at least 5 years. My only complaint is that they need to not give our payments later than the date it's due.,R
World of Books did an oustanding job. The book arrived in fine condition.,R
Terrible quality for a high priced item. Took a long time to get it. No returns because it's a foreign based company. Beware!!,R
Very pleased with our settees. Very helpful all the way through as always. Thank you.,R
This is a great and best website to use. I am very satisfied with the services provided. Thanks for everything.,R
Lovely door knobs. Beautifully wrapped and speedy delivery. Really pleased with them. Thank you,R
"The product was great, the quality was good, fitted properly.",F
Little bit small and long,F
I love this top. I am obssesed with the colour brown.,F
"Ordered both colours, I love them",F
"l Love this beanie so much, it sags just right. Been searching for one like it for a long time.",F
